Neighborhood,Count,Median,Mean,Min,Max
NridgHt,77,315000.0,316270.6233766234,154000,611657
NoRidge,41,301500.0,335295.31707317074,190000,755000
StoneBr,25,278000.0,310499.0,170000,556581
Timber,38,228475.0,242247.44736842104,137500,378500
Somerst,86,225500.0,225379.83720930232,144152,423000
Veenker,11,218000.0,238772.72727272726,162500,385000
Crawfor,51,200624.0,210624.72549019608,90350,392500
ClearCr,28,200250.0,212565.42857142858,130000,328000
CollgCr,150,197200.0,197965.77333333335,110000,424870
Blmngtn,17,191000.0,194870.88235294117,159895,264561
NWAmes,73,182900.0,189050.0684931507,82500,299800
Gilbert,79,181000.0,192854.50632911394,141000,377500
SawyerW,59,179900.0,186555.7966101695,76000,320000
Mitchel,49,153500.0,156270.1224489796,84500,271000
NPkVill,9,146000.0,142694.44444444444,127500,155000
NAmes,225,140000.0,145847.08,87500,345000
SWISU,25,139500.0,142591.36,60000,200000
Blueste,2,137500.0,137500.0,124000,151000
Sawyer,74,135000.0,136793.13513513515,62383,190000
BrkSide,58,124300.0,124834.05172413793,39300,223500
Edwards,100,121750.0,128219.7,58500,320000
OldTown,113,119000.0,128225.30088495575,37900,475000
BrDale,16,106000.0,104493.75,83000,125000
IDOTRR,37,103000.0,100123.78378378379,34900,169500
MeadowV,17,88000.0,98576.4705882353,75000,151400
